"","dummy","RoughMean","CPPS","HNR","Jitter","Shimmer","ShdB","Slope","Tilt","Version"
"1","S9 - P",372.5,7.02,7.8,1.98,13.2,1.18,-16.76,-7.69,2.03
"2","S18 - Pre",941,13.51,16.86,0.91,7.4,0.7,-22.19,-12.1,2.03
"3","S34 - Pre",642,2.75,4.58,NA,20.61,1.74,-10.42,-10.15,2.03
"4","S6 - P6mnd",967,15.37,23.69,0.4,3.84,0.39,-21.07,-12.43,2.03
"5","S38 - Pre",248.5,6.86,7.07,2.89,12.02,1.14,-17.61,-10.85,2.03
"6","S17 - P1",890.5,12.57,19.7,0.93,5.23,0.53,-26.12,-11.68,2.03
"7","S9 - Pre",253.5,8.55,9.68,1.96,14.47,1.27,-21.37,-9.29,2.03
"8","S44 - P1",267,10.65,13.98,0.89,6.59,0.61,-19.32,-9.93,2.03
"9","S10 - P6mnd",655,13.47,15.28,0.39,6.23,0.56,-20.79,-11.42,2.03
"10","S46 - P6mnd",410.5,8.67,10.8,1.13,4.7,0.48,-19.1,-10.01,2.03
"11","S45 - P1",936.5,10.86,15.57,1.58,8.49,0.79,-22.65,-10.47,2.03
"12","S1 - Pre",390.5,NA,NA,NA,NA,NA,NA,NA,NA
"13","S29 - Pre",601,12.36,20.41,0.43,4.17,0.38,-25.9,-9.94,2.03
"14","S39 - P6mnd",635,17.09,17.57,0.84,5.38,0.48,-17.83,-12.84,2.03
"15","S12 - P1",485,8.58,10.45,1.75,8.3,0.86,-19.23,-9.46,2.03
"16","S26 - Pre",326,2.95,4.75,0.44,18.66,1.7,-10.46,-8.1,2.03
"17","S45 - P",964.5,12.01,16.16,1.56,8.41,0.78,-22.77,-11.71,2.03
"18","S38 - P6mnd",282.5,7.13,4.2,1.21,12.95,1.19,-12.63,-9.92,2.03
"19","S44 - Pre",617.5,13.72,19.08,0.31,3.84,0.37,-21.13,-11.76,2.03
"20","S42 - Pre",281,7.17,11.74,2.1,10.44,0.87,-22.14,-9.08,2.03
"21","S25 - Pre",378.5,11.6,17.45,0.93,5.81,0.56,-26.57,-10.32,2.03
"22","S7 - Pre",896.5,9.9,13.48,0.8,8.2,0.7,-22.47,-9.15,2.03
"23","S23 - P",789,13.76,16.38,0.38,5.18,0.46,-19.18,-9.63,2.03
"24","S5 - Pre",346.5,10.82,15.73,0.44,5.57,0.5,-21.4,-9.66,2.03
"25","S40 - Pre",949,9.73,18.07,1.22,5.1,0.51,-27.15,-10.18,2.03
"26","S10 - P12mnd",338.5,9.81,12.74,2.35,10.02,0.91,-23.62,-11.35,2.03
"27","S43 - Pre",425,8.59,13.4,0.8,8.73,0.8,-24.35,-9.33,2.03
"28","S12 - P3",555.5,10.91,18.66,0.78,5.44,0.48,-26.53,-11.17,2.03
"29","S21 - Pre",793.5,13.01,18.92,0.33,4.23,0.44,-22.42,-10.85,2.03
"30","S36 - Pre",885.5,8.73,9.27,0.7,9.86,0.87,-16.28,-13.41,2.03
"31","S27 - Pre",517,10.64,12.66,2.4,8.93,0.81,-21.52,-9.37,2.03
"32","S28 - P1",308,6.77,12.02,0.86,11.24,0.96,-23.67,-9.98,2.03
"33","S3 - P12mnd",436.5,13.83,16.65,0.74,6.4,0.48,-21.75,-11.6,2.03
"34","S12 - P4",877.5,11.34,20.85,0.55,4.73,0.43,-27.35,-11.09,2.03
"35","S15 - Pre",904,12.44,16.83,0.58,5.53,0.5,-22.15,-11.48,2.03
"36","S4 - Pre",213.5,9.09,10.48,1.29,9.17,0.82,-19.1,-10.1,2.03
"37","S17 - Pre",178.5,7.71,11.76,2.7,7.67,0.68,-25.92,-10.15,2.03
"38","S36 - P1",863.5,9.69,13.93,3.04,5.96,0.51,-24.23,-11.66,2.03
"39","S36 - P1",863.5,9.77,14.09,3.04,5.75,0.51,-24.06,-11.24,2.03
"40","S19 - Pre",466,8.27,12.42,1.05,9.93,0.77,-21.09,-10.61,2.03
"41","S14 - Pre",536,14.21,20.79,0.36,4.64,0.49,-22.4,-11.31,2.03
"42","S5 - P2",417,8.48,9.31,0.94,9.8,0.89,-17.35,-10.47,2.03
"43","S7 - P1",724,10.7,15.94,0.93,7.31,0.62,-23.53,-11.14,2.03
"44","S24 - P1",847.5,14.77,13.87,0.65,8.28,0.66,-15.28,-11.34,2.03
"45","S2 - Pre",536.5,7.81,12.09,2.06,10.63,0.93,-23.14,-8.36,2.03
"46","S20 - P1",755,13.35,15.94,0.79,5.35,0.49,-17.24,-11.88,2.03
"47","S46 - P12mnd",264,10.96,10,0.51,6.87,0.68,-17.86,-6.89,2.03
"48","S5 - -",381,NA,NA,NA,NA,NA,NA,NA,NA
"49","S29 - P6mnd",841,13.6,19.35,0.36,3.37,0.36,-21.64,-11.05,2.03
"50","S16 - Pre",835.5,14.15,18.37,0.3,4.62,0.43,-21.2,-12.17,2.03
"51","S19 - P12mnd",744,10.14,6.24,1.36,13.16,1.11,-13.57,-9.87,2.03
"52","S11 - P12mnd",801.5,13.75,14.5,2.68,7.48,0.67,-21.64,-11.34,2.03
"53","S13 - P12mnd",358,4.9,7.15,5.53,12.56,1.12,-21.02,-11.21,2.03
"54","S39 - Pre",810,15.41,19,0.4,5.67,0.53,-17.8,-12.51,2.03
"55","S32 - P6mnd",839.5,11.53,13.62,1.1,7.89,0.73,-21.34,-11.02,2.03
"56","S14 - P12mnd",876,16.96,19.03,0.45,6.53,0.51,-19.23,-11.42,2.03
"57","S26 - P6mnd",283.5,13.36,8.5,9.34,8.93,0.84,-15.28,-12.11,2.03
"58","S19 - P6mnd",642,13.88,17.34,0.68,5.95,0.47,-19.37,-12.44,2.03
"59","S28 - P2",137,7.36,11.83,1.41,9.14,0.82,-17.2,-10.54,2.03
"60","S9 - P12mnd",685,11.39,13.74,0.73,10.19,0.93,-18.97,-10.41,2.03
"61","S39 - P1",915,NA,NA,NA,NA,NA,NA,NA,NA
"62","S42 - P1",730.5,4.61,5.29,8.92,17.93,1.54,-25.9,-9.06,2.03
"63","S42 - P12mnd",788.5,13.01,16.18,1.13,6.94,0.62,-23.59,-10.79,2.03
"64","S26 - P12mnd",397,12.37,16.7,1.84,6.14,0.46,-21.1,-11.6,2.03
"65","S27 - P1",358,10.63,12.23,1.86,8.37,0.76,-22.18,-9.16,2.03
"66","S25 - P2",235.5,3.38,1.93,3.65,15.24,1.26,-8.31,-9.04,2.03
"67","S16 - P1",818.5,13.29,18.86,0.26,4.03,0.39,-24.82,-11,2.03
"68","S44 - P2",408,12.8,15.17,1.26,5.94,0.58,-20.81,-11.41,2.03
"69","S31 - P",936.5,14.85,21.37,0.37,3.62,0.35,-19.03,-12.15,2.03
"70","S23 - Pre",322.5,12.22,17.04,0.44,6.48,0.62,-20.48,-10.76,2.03
"71","S7 - P12mnd",762.5,12.14,13.39,0.83,9.94,0.83,-20.05,-10.35,2.03
"72","S13 - Pre",234,3.53,4.7,5.72,17.84,1.47,-14.64,-8.65,2.03
"73","S40 - P1",605,6.92,7.82,1.69,12.48,1.14,-18.1,-7.54,2.03
"74","S45 - Pre",909.5,13.66,16.61,0.74,7.26,0.69,-20.72,-11.59,2.03
"75","S33 - Pre",390,7.09,12.26,2.35,13.23,1.25,-25.91,-9.08,2.03
"76","S28 - Pre",546.5,8.7,15.85,1.73,6.84,0.7,-28.16,-10.81,2.03
"77","S2 - P12mnd",702,10.49,13.82,1.05,6.17,0.54,-21.57,-9.57,2.03
"78","S5 - P1",791,14.27,19.85,0.42,4.47,0.32,-21.44,-11.31,2.03
"79","S6 - Pre",896.5,13.3,14.36,0.5,9.21,0.82,-14.75,-12.61,2.03
"80","S21 - P1",571,8.68,12.31,1.46,9.48,0.88,-19.44,-9.95,2.03
"81","S22 - Pre",426.5,11.76,15.8,0.56,6.2,0.55,-23.56,-10.44,2.03
"82","S3 - Pre",490.5,8.15,13.58,1.14,9.8,0.86,-22.64,-9.95,2.03
"83","S46 - Pre",455.5,9.39,6.81,0.98,10.43,0.96,-14.51,-6.15,2.03
"84","S33 - P",549,7.84,11.42,2.16,9.78,1.08,-22.61,-8.92,2.03
"85","S31 - Pre",911,11.65,18.49,0.64,6.05,0.55,-23.53,-11.8,2.03
"86","S31 - Pre",911,11.65,18.49,0.64,6.05,0.55,-23.53,-11.8,2.03
"87","S15 - P2",826,14.06,19.08,0.42,5.37,0.47,-22.57,-11.63,2.03
"88","S12 - Pre",492.5,9.82,11.33,1.72,12.41,1.09,-20.43,-11.45,2.03
"89","S20 - P2",831.5,12.62,16.08,0.68,5.48,0.49,-19.92,-11.64,2.03
"90","S24 - Pre",641.5,11.89,15.34,0.46,7.85,0.65,-24.24,-10.1,2.03
"91","S10 - Pre",567.5,10.89,17.73,0.82,6.15,0.65,-23.62,-9.26,2.03
"92","S3 - P1",717,14.47,20.21,0.37,3.65,0.3,-22.96,-11.72,2.03
"93","S3 - P1",717,14.64,20.71,0.37,3.73,0.32,-23,-11.67,2.03
"94","S22 - P12mnd",717,13.37,14.64,0.63,6.5,0.53,-18.32,-11.13,2.03
"95","S27 - P12mnd",377,11.63,15.32,0.8,8.17,0.68,-19.86,-10.66,2.03
"96","S11 - Pre",390,8.44,14.65,0.62,7.62,0.64,-23.33,-9.75,2.03
"97","S43 - P12mnd",878.5,11.73,12.96,1.07,6.56,0.59,-22.68,-10.99,2.03
"98","S14 - P1",936.5,14.39,19.61,0.58,4.95,0.4,-21.27,-11.54,2.03
"99","S22 - P1",726.5,15.21,18.4,0.88,5.67,0.47,-20.39,-11.93,2.03
"100","S5 - ",707,NA,NA,NA,NA,NA,NA,NA,NA
